
<entities file_version="0.1">
	<entity class="EntityDesktop" name="desktop">
		<inventory>
			<slot count="1" id="10060">{tooltip="点此访问作者网站","http://www.ttqf.tech/works/PAC2017/topURL",}
			</slot>
		</inventory>
	</entity>
	<entity IsSimulatedSky="true" class="EntitySky" filename="model/blockworld/Sky/sky.x" name="sky" rainStrength="0" snowStrength="0"/>
	<entity bx="19074" by="8" bz="19089" class="EntityHomePoint" item_id="20002" name="player_spawn_point">
		<cmd><![CDATA[/lookat ~1 ~777 ~
/scaling 1.7
/memlimit -v 1536
/shader 2
/maxrenderdist 768
/renderdist 96
/torchcolor 1.9 1.9 1.9
/clearcache web
/loadtemplate 19117 38 19444 active_NorthGateRedScreen
/loadtemplate 19239 43 19239 active_SouthGateRedScreen
/loadtemplate 19346 51 19106 active_SquareScreen
/loadtemplate 19210 30 19311 active_ReportingRoom_1_Screen
/loadregion 24000 190 19200 100
/skin Texture\skin\ZQNo1MiddleSchoolUniform_boy.png
/mode game
/t 0.5 /sound http://www.ttqf.tech/works/PAC2017/ActiveContent/EnteringWorld.ogg
/music resources/BGMs/201001213_BGM_001_edited.ogg]]>
		</cmd>
	</entity>
</entities>