
<entities file_version="0.1">
	<entity bx="19714" by="21" bz="20268" class="EntityBlockModel" facing="3.14" filename="resources/3D_objects/umbrella.fbx" item_id="254"/>
	<entity bx="19715" by="22" bz="20259" class="EntityBlockModel" facing="3.14" filename="resources/3D_objects/umbrella.fbx" item_id="254"/>
	<entity bx="19960" by="39" bz="20057" class="EntitySign" item_id="211">
		<cmd>183
		</cmd>
	</entity>
	<entity bx="19961" by="39" bz="20058" class="EntitySign" item_id="211">
		<cmd>183
		</cmd>
	</entity>
</entities>