
<entities file_version="0.1">
	<entity bx="19459" by="21" bz="19173" class="EntityCollisionSensor" item_id="221">
		<cmd><![CDATA[/goto 19110 9 19094
/lookat 19125 9 19094]]>
		</cmd>
	</entity>
	<entity bx="19459" by="21" bz="19287" class="EntityCollisionSensor" item_id="221">
		<cmd><![CDATA[/goto 18894 24 19420
/lookat 18996 26 19420]]>
		</cmd>
	</entity>
	<entity bx="19459" by="24" bz="19174" class="EntitySign" item_id="211">
		<cmd><![CDATA[　
传送到
控制中心]]>
		</cmd>
	</entity>
	<entity bx="19459" by="24" bz="19286" class="EntitySign" item_id="211">
		<cmd><![CDATA[　
传送到
北门]]>
		</cmd>
	</entity>
	<entity bx="19461" by="21" bz="19173" class="EntityCollisionSensor" item_id="221">
		<cmd><![CDATA[/goto 18894 24 19420
/lookat 18996 26 19420]]>
		</cmd>
	</entity>
	<entity bx="19461" by="21" bz="19287" class="EntityCollisionSensor" item_id="221">
		<cmd><![CDATA[/goto 19110 9 19094
/lookat 19125 9 19094]]>
		</cmd>
	</entity>
	<entity bx="19461" by="24" bz="19174" class="EntitySign" item_id="211">
		<cmd><![CDATA[　
传送到
北门]]>
		</cmd>
	</entity>
	<entity bx="19461" by="24" bz="19286" class="EntitySign" item_id="211">
		<cmd><![CDATA[　
传送到
控制中心]]>
		</cmd>
	</entity>
</entities>