
<entities file_version="0.1">
	<entity bx="24000" by="190" bz="19199" class="EntitySign" item_id="211"/>
	<entity bx="24000" by="190" bz="19200" class="EntitySign" item_id="211">
		<cmd><![CDATA[当前旧坐标：25000 64 20000
学校原点坐标：20000 18 20000
前往学校方向]]>
		</cmd>
	</entity>
	<entity bx="24000" by="190" bz="19201" class="EntitySign" item_id="211"/>
	<entity bx="24008" by="192" bz="19196" class="EntitySign" item_id="211">
		<cmd>宿舍
		</cmd>
	</entity>
	<entity bx="24008" by="192" bz="19202" class="EntitySign" item_id="211">
		<cmd>饭堂
		</cmd>
	</entity>
	<entity bx="24008" by="192" bz="19208" class="EntitySign" item_id="211">
		<cmd>教学区
		</cmd>
	</entity>
	<entity bx="24008" by="192" bz="19214" class="EntitySign" item_id="211">
		<cmd>一般
		</cmd>
	</entity>
	<entity bx="24014" by="194" bz="19220" class="EntitySign" item_id="211">
		<cmd>早上
		</cmd>
	</entity>
	<entity bx="24015" by="190" bz="19196" class="EntityCommandBlock" item_id="212">
		<cmd>/music resources\BGMs\morning-dorm_general_canteen.ogg
		</cmd>
	</entity>
	<entity bx="24015" by="190" bz="19202" class="EntityCommandBlock" item_id="212">
		<cmd>/music resources\BGMs\morning-dorm_general_canteen.ogg
		</cmd>
	</entity>
	<entity bx="24015" by="190" bz="19208" class="EntityCommandBlock" item_id="212">
		<cmd>/music resources\BGMs\teach-morning_evening.ogg
		</cmd>
	</entity>
	<entity bx="24015" by="190" bz="19214" class="EntityCommandBlock" item_id="212">
		<cmd>/music resources\BGMs\morning-dorm_general_canteen.ogg
		</cmd>
	</entity>
	<entity bx="24021" by="194" bz="19220" class="EntitySign" item_id="211">
		<cmd>正午
		</cmd>
	</entity>
	<entity bx="24022" by="190" bz="19196" class="EntityCommandBlock" item_id="212">
		<cmd>/music resources\BGMs\dorm-noon_evening.ogg
		</cmd>
	</entity>
	<entity bx="24022" by="190" bz="19202" class="EntityCommandBlock" item_id="212">
		<cmd>/music resources\BGMs\canteen-noon.ogg
		</cmd>
	</entity>
	<entity bx="24022" by="190" bz="19208" class="EntityCommandBlock" item_id="212">
		<cmd>/music resources\BGMs\general.ogg
		</cmd>
	</entity>
	<entity bx="24022" by="190" bz="19214" class="EntityCommandBlock" item_id="212">
		<cmd>/music resources\BGMs\general.ogg
		</cmd>
	</entity>
	<entity bx="24028" by="194" bz="19220" class="EntitySign" item_id="211">
		<cmd>傍晚
		</cmd>
	</entity>
	<entity bx="24029" by="190" bz="19196" class="EntityCommandBlock" item_id="212">
		<cmd>/music resources\BGMs\dorm-noon_evening.ogg
		</cmd>
	</entity>
	<entity bx="24029" by="190" bz="19202" class="EntityCommandBlock" item_id="212">
		<cmd>/music resources\BGMs\canteen-evening.ogg
		</cmd>
	</entity>
	<entity bx="24029" by="190" bz="19208" class="EntityCommandBlock" item_id="212">
		<cmd>/music resources\BGMs\general.ogg
		</cmd>
	</entity>
	<entity bx="24029" by="190" bz="19214" class="EntityCommandBlock" item_id="212">
		<cmd>/music resources\BGMs\teach-morning_evening.ogg
		</cmd>
	</entity>
	<entity bx="24035" by="194" bz="19220" class="EntitySign" item_id="211">
		<cmd>晚上
		</cmd>
	</entity>
	<entity bx="24036" by="190" bz="19196" class="EntityCommandBlock" item_id="212">
		<cmd>/music resources\BGMs\quiet.ogg
		</cmd>
	</entity>
	<entity bx="24036" by="190" bz="19202" class="EntityCommandBlock" item_id="212">
		<cmd>/music resources\BGMs\canteen-night.ogg
		</cmd>
	</entity>
	<entity bx="24036" by="190" bz="19208" class="EntityCommandBlock" item_id="212">
		<cmd>/music resources\BGMs\general.ogg
		</cmd>
	</entity>
	<entity bx="24036" by="190" bz="19214" class="EntityCommandBlock" item_id="212">
		<cmd>/music resources\BGMs\quiet.ogg
		</cmd>
	</entity>
</entities>