
<customblocks desc="ID must be in range:2000-5000">
	<block alphaTestTexture="true" base_block_id="95" id="2000" texture="Texture/blocks/transparent.png" transparent="true"/>
	<block alphaTestTexture="true" base_block_id="100" id="2001" light="true" texture="Texture/blocks/transparent.png" transparent="true"/>
	<block alphaTestTexture="true" base_block_id="100" id="2002" light="true" texture="Texture/blocks/transparent.png" transparent="true"/>
	<block base_block_id="4" id="2004" texture="Texture/blocks/sandstone.png"/>
	<block alphaTestTexture="true" base_block_id="6" id="2006" light="true" texture="Texture\blocks\RedstoneLight_yellow.png" transparent="true"/>
	<block base_block_id="8" id="2008" texture="Texture/blocks/chiseled_quartz.png"/>
	<block base_block_id="12" id="2012" texture="Texture\blocks\2012.png"/>
	<block base_block_id="19" id="2019" texture="Texture\blocks\blue_wool.png"/>
	<block base_block_id="21" id="2021" texture="Texture/blocks/light_blue_wool.png"/>
	<block base_block_id="51" id="2051" texture="Texture/blocks/saand.png"/>
	<block base_block_id="55" id="2055" texture="Texture/blocks/dirrt.png"/>
	<block base_block_id="56" id="2056" texture="Texture/blocks/stoone.png"/>
	<block base_block_id="62" id="2062" texture="Texture/blocks/graass.png"/>
	<block base_block_id="68" id="2068" texture="Texture/blocks/stonebrick.png"/>
	<block base_block_id="70" id="2070" texture="Texture/blocks/briick.png"/>
	<block base_block_id="71" id="2071" texture="Texture/blocks/black_wool.png"/>
	<block base_block_id="85" id="2085" texture="Texture/blocks/jungle_leaves.png"/>
	<block base_block_id="87" id="2087" texture="Texture/blocks/glowstoone.png"/>
	<block base_block_id="90" id="2090" texture="Texture/blocks/drum_light.png"/>
	<block base_block_id="94" id="2094" texture="Texture/blocks/orange_block.png"/>
	<block base_block_id="96" id="2096" texture="Texture/blocks/pink_wool.png"/>
	<block base_block_id="97" id="2097" texture="Texture\blocks\quartz_block.png"/>
	<block base_block_id="98" id="2098" texture="Texture/blocks/oak_wood.png"/>
	<block base_block_id="101" id="2101" texture="Texture\blocks\iron_stair.png"/>
	<block base_block_id="102" id="2102" texture="Texture/blocks/glaass.png"/>
	<block base_block_id="113" id="2113" texture="Texture/blocks/tallgraass.png"/>
	<block base_block_id="118" id="2118" texture="Texture\blocks\webb.png"/>
	<block base_block_id="133" id="2133" texture="Texture/blocks/white_wool.png"/>
	<block base_block_id="135" id="2135" texture="Texture/blocks/light_gray_wool.png"/>
	<block base_block_id="182" id="2139" texture="Texture\blocks\planks_birch_stair.png"/>
	<block base_block_id="143" id="2143" texture="Texture/blocks/iron_stair.png"/>
	<block base_block_id="166" id="2166" texture="Texture\blocks\iron_ladder.png"/>
	<block base_block_id="179" id="2179" texture="Texture/blocks/briick.png"/>
	<block base_block_id="182" id="2182" texture="Texture\blocks\quartz_block.png"/>
	<block base_block_id="187" id="2187" texture="Texture\blocks\quartz_block.png"/>
	<block base_block_id="199" id="2199" texture="Texture\blocks\RedstoneLight_white.png"/>
	<block base_block_id="209" id="2209" texture="Texture/blocks/ironbars.png"/>
	<block base_block_id="230" id="2230" texture="Texture\blocks\door_wood_lower.png"/>
	<block base_block_id="234" id="2234" texture="Texture/blocks/white_wool.png"/>
	<block base_block_id="235" id="2235" texture="Texture/blocks/orange_block.png"/>
	<block base_block_id="237" id="2237" texture="Texture\blocks\light_blue_wool.png"/>
	<block base_block_id="238" id="2238" texture="Texture\blocks\yellow_wool.png"/>
	<block base_block_id="240" id="2240" texture="Texture\blocks\pink_wool.png"/>
	<block base_block_id="242" id="2242" texture="Texture/blocks/light_gray_wool.png"/>
	<block base_block_id="247" id="2247" texture="Texture/blocks/green_wool.png"/>
	<block base_block_id="248" id="2248" texture="Texture/blocks/red_wool.png"/>
	<block base_block_id="263" id="2263" texture="Texture\blocks\quartz_block.png"/>
	<block base_block_id="209" id="2309" texture="Texture/blocks/Green_cloth.jpg"/>
	<block base_block_id="87" id="2501" light="true" texture="Texture/blocks/EggsUnderG1C4.png"/>
	<block alphaTestTexture="true" base_block_id="6" id="3006" light="true" texture="Texture\blocks\RedstoneLight_white.png"/>
	<block base_block_id="199" id="3199" texture="Texture\blocks\RedstoneLight_yellow.png"/>
	<block base_block_id="209" id="3209" texture="Texture\blocks\Blue_steel_tile.jpg"/>
	<block base_block_id="182" id="3237" texture="Texture\blocks\light_blue_wool.png"/>
	<block base_block_id="182" id="3238" texture="Texture\blocks\yellow_wool.png"/>
	<block base_block_id="182" id="3240" texture="Texture\blocks\pink_wool.png"/>
</customblocks>